pit,hmc_yield_pct,Sn_g_per_m3
Mining Pit (pt 2),1.0,338.9043586399376
Kadade (pt 11),0.5,169.4521793199688
R. Bishwai (pt 13),1.0,338.9043586399376
Kadade (pt 16),0.5,169.4521793199688
GN-005,0.1755,59.47771494130904
