{
  "n": 32,
  "mn": 0.15,
  "mx": 8.842,
  "mean": 2.26453125,
  "median": 1.5,
  "std": 2.2088855164535777,
  "cv": 0.9754272618024492,
  "skew": 1.4814161763406886,
  "logskew": -0.08547533179513163,
  "n_pits": 26,
  "n_sep": 8,
  "p975": 7.870149999999997,
  "r_sn_nb": 0.7577035774668954,
  "nugget": 1.8831784058547076,
  "sill": 3.4437005603846154,
  "vrange": 1052.1021763313393,
  "nugget_ratio": 0.5468473152161586,
  "xval_me": 0.016627952444724592,
  "xval_rmse": 1.7953816121335964,
  "xval_r": 0.2416579490954894,
  "ok_mean": 2.418508399782921,
  "block_total": 2376,
  "block_above": 2071,
  "kt_above": 42496.92,
  "grade_above": 2.5214085587950925,
  "allu_mean_gm3": 215.23815817222436,
  "allu_min_gm3": 59.47771494130904,
  "allu_max_gm3": 338.9043586399376,
  "sn_grade_hmc_pct": 1.7837071507365139
}