{
  "nugget": 1.8831784058547076,
  "sill": 3.4437005603846154,
  "range": 1052.1021763313393,
  "lag": 180.0,
  "nlags": 9,
  "exp_h": [
    180.0,
    360.0,
    540.0,
    720.0,
    900.0,
    1080.0,
    1260.0,
    1440.0,
    1620.0
  ],
  "exp_g": [
    2.192330003378378,
    3.1574703535714286,
    2.3943786726190472,
    3.30399705859375,
    3.8983744765625,
    5.045530458333333,
    8.7947678125,
    6.114367458333334,
    3.2776503000000003
  ],
  "exp_n": [
    37,
    35,
    42,
    32,
    32,
    24,
    8,
    12,
    5
  ],
  "sample_variance": 3.4437005603846154
}